{
  "z_eq": 3403.0545905649415,
  "tau_eq": 112.80128098849667,
  "z_rec": 1088.7836952751875,
  "tau_rec": 280.6769046973217,
  "rs_rec": 144.53130960599114,
  "z_star": 1085.131419118595,
  "tau_star": 281.3807297325046,
  "rs_star": 144.85021843835636,
  "da_star": 12.61373952177193,
  "z_d": 1059.8875299391907,
  "tau_d": 286.35244244896904,
  "rs_d": 147.0970961133744,
  "age": 13.525962931274965,
  "conformal_age": 13981.559536906998,
  "z_reio": 7.7486724853515625,
  "tau_reio": 0.0544,
  "Neff": 3.0459982214534302
}