{
  "H0": 0.00022468877452926482,
  "h": 0.6736,
  "Omega_b": 0.049301692328524445,
  "Omega_cdm": 0.26447041034523616,
  "Omega_m": 0.31519172671787643,
  "Omega_r": 7.980863901282493e-05,
  "Omega_Lambda": -0.00027153536752400065,
  "Omega_nu": 0.0014197683837952934,
  "Omega_g": 5.45024870987225e-05,
  "T_cmb": 2.7255,
  "Neff": 3.0459982214534302,
  "age_Gyr": 13.525962931274965,
  "z_eq": 3403.0545905649415,
  "conformal_age": 13981.559536906998
}