{
  "z_eq": 3408.5882216394048,
  "tau_eq": 112.63937290540514,
  "z_rec": 1088.799152544673,
  "tau_rec": 280.60855851545807,
  "rs_rec": 144.49814897276642,
  "z_star": 1085.1550259033272,
  "tau_star": 281.31036939322996,
  "rs_star": 144.81614627104287,
  "da_star": 12.738606085389998,
  "z_d": 1059.9075126640387,
  "tau_d": 286.27959111744605,
  "rs_d": 147.06190701644758,
  "age": 13.771060854344887,
  "conformal_age": 14117.411392042315,
  "z_reio": 7.7065582275390625,
  "tau_reio": 0.0544,
  "Neff": 3.0459982214534302
}