{
  "H0": 0.0002246887745254752,
  "h": 0.6736,
  "Omega_b": 0.049301692328524445,
  "Omega_cdm": 0.26447041034523616,
  "Omega_m": 0.31732131434263805,
  "Omega_r": 7.972204742173662e-05,
  "Omega_Lambda": 0.6825989636099402,
  "Omega_nu": 0.003549269406331105,
  "Omega_g": 5.45024870987225e-05,
  "T_cmb": 2.7255,
  "Neff": 3.0459982214534302,
  "age_Gyr": 13.771060854344887,
  "z_eq": 3408.5882216394048,
  "conformal_age": 14117.411392042315
}