{
  "z_eq": 3403.0545905649415,
  "tau_eq": 112.8012810228636,
  "z_rec": 1088.7836836291647,
  "tau_rec": 280.6769088651091,
  "rs_rec": 144.5313115377599,
  "z_star": 1085.1315235047125,
  "tau_star": 281.3807115129635,
  "rs_star": 144.85021022886372,
  "da_star": 12.77180956134237,
  "z_d": 1059.887842549441,
  "tau_d": 286.35238180759217,
  "rs_d": 147.09706881736912,
  "age": 13.797154868480655,
  "conformal_age": 14153.245688285851,
  "z_reio": 7.6897125244140625,
  "tau_reio": 0.0544,
  "Neff": 3.0459982214534302
}