{
  "z_rec": 1088.8052897474197,
  "tau_rec": 280.6727565447727,
  "rs_rec": 144.52942947762347,
  "z_d": 1059.899061471179,
  "tau_d": 286.35012977988936,
  "rs_d": 147.0960533675328,
  "age": 13.797154002885431,
  "conformal_age": 14153.244915753825,
  "z_reio": 7.6918182373046875,
  "tau_reio": 0.0544,
  "Neff": 3.0459982214534214,
  "z_eq": 3403.082792694107,
  "tau_eq": 112.80118095209181,
  "z_star": 1089.0,
  "tau_star": 280.6370502828719,
  "rs_star": 144.5131533744105,
  "da_star": 12.727164745064558
}