{
  "H0": 0.0002246887745254752,
  "h": 0.6736,
  "Omega_b": 0.049301692328524445,
  "Omega_cdm": 0.26447041034523616,
  "Omega_m": 0.3151918710575559,
  "Omega_r": 7.966430996807413e-05,
  "Omega_Lambda": 0.684728464632476,
  "Omega_nu": 0.0014197683837952808,
  "Omega_g": 5.450248709872251e-05,
  "T_cmb": 2.7255,
  "Neff": 3.0459982214534214,
  "age_Gyr": 13.797154002885431,
  "z_eq": 3403.082792694107,
  "conformal_age": 14153.244915753825
}